AGENT_NAME,EPISODE,STEP,DATE,TIME,HEIGHT,MAX_HEIGHT,MAX_HEIGHT_LAST_STEP,X,Y
UNNAMED,1,0,2024-12-12,19:10:08,55,55,55,231,305
UNNAMED,2,0,2024-12-12,19:10:10,55,55,55,231,305
UNNAMED,3,0,2024-12-12,19:10:12,55,55,55,231,305
UNNAMED,4,0,2024-12-12,19:10:14,55,55,55,231,305
UNNAMED,5,0,2024-12-12,19:10:16,55,55,55,231,305
UNNAMED,6,0,2024-12-12,19:10:18,55,55,55,231,305
UNNAMED,7,0,2024-12-12,19:10:20,55,55,55,231,305
UNNAMED,8,0,2024-12-12,19:10:22,55,55,55,231,305
UNNAMED,9,0,2024-12-12,19:10:24,55,55,55,231,305
UNNAMED,10,0,2024-12-12,19:10:26,55,55,55,231,305
UNNAMED,11,0,2024-12-12,19:10:28,55,55,55,231,305
UNNAMED,12,0,2024-12-12,19:10:30,55,55,55,231,305
UNNAMED,13,0,2024-12-12,19:10:32,55,55,55,231,305
UNNAMED,14,0,2024-12-12,19:10:34,55,55,55,231,305
UNNAMED,15,0,2024-12-12,19:10:36,55,55,55,231,305
UNNAMED,16,0,2024-12-12,19:10:38,55,55,55,231,305
UNNAMED,17,0,2024-12-12,19:10:40,55,55,55,231,305
UNNAMED,18,0,2024-12-12,19:10:42,55,55,55,231,305
UNNAMED,19,0,2024-12-12,19:10:44,55,55,55,231,305
UNNAMED,20,0,2024-12-12,19:10:46,55,55,55,231,305
UNNAMED,21,0,2024-12-12,19:10:48,55,55,55,231,305
UNNAMED,22,0,2024-12-12,19:10:49,55,55,55,231,305
UNNAMED,23,0,2024-12-12,19:10:51,55,55,55,231,305
UNNAMED,24,0,2024-12-12,19:10:53,55,55,55,231,305
UNNAMED,25,0,2024-12-12,19:10:55,55,55,55,231,305
UNNAMED,26,0,2024-12-12,19:10:57,55,55,55,231,305
UNNAMED,27,0,2024-12-12,19:10:59,55,55,55,231,305
UNNAMED,28,0,2024-12-12,19:11:01,55,55,55,231,305
UNNAMED,29,0,2024-12-12,19:11:03,55,55,55,231,305
UNNAMED,30,0,2024-12-12,19:11:05,55,55,55,231,305
UNNAMED,31,0,2024-12-12,19:11:07,55,55,55,231,305
UNNAMED,32,0,2024-12-12,19:11:09,55,55,55,231,305
UNNAMED,33,0,2024-12-12,19:11:11,55,55,55,231,305
UNNAMED,34,0,2024-12-12,19:11:13,55,55,55,231,305
UNNAMED,35,0,2024-12-12,19:11:15,55,55,55,231,305
UNNAMED,36,0,2024-12-12,19:11:17,55,55,55,231,305
UNNAMED,37,0,2024-12-12,19:11:19,55,55,55,231,305
UNNAMED,38,0,2024-12-12,19:11:21,55,55,55,231,305
UNNAMED,39,0,2024-12-12,19:11:23,55,55,55,231,305
UNNAMED,40,0,2024-12-12,19:11:25,55,55,55,231,305
UNNAMED,41,0,2024-12-12,19:11:27,55,55,55,231,305
UNNAMED,42,0,2024-12-12,19:11:29,55,55,55,231,305
UNNAMED,43,0,2024-12-12,19:11:31,55,55,55,231,305
UNNAMED,44,0,2024-12-12,19:11:33,55,55,55,231,305
UNNAMED,45,0,2024-12-12,19:11:35,55,55,55,231,305
UNNAMED,46,0,2024-12-12,19:11:37,55,55,55,231,305
UNNAMED,47,0,2024-12-12,19:11:39,55,55,55,231,305
UNNAMED,48,0,2024-12-12,19:11:41,55,55,55,231,305
UNNAMED,49,0,2024-12-12,19:11:43,55,55,55,231,305
UNNAMED,50,0,2024-12-12,19:11:46,55,55,55,231,305
UNNAMED,51,0,2024-12-12,19:11:48,55,55,55,231,305
UNNAMED,52,0,2024-12-12,19:11:50,55,55,55,231,305
UNNAMED,53,0,2024-12-12,19:11:52,55,55,55,231,305
UNNAMED,54,0,2024-12-12,19:11:54,55,55,55,231,305
UNNAMED,55,0,2024-12-12,19:11:56,55,55,55,231,305
UNNAMED,56,0,2024-12-12,19:11:58,55,55,55,231,305
UNNAMED,57,0,2024-12-12,19:12:00,55,55,55,231,305
UNNAMED,58,0,2024-12-12,19:12:02,55,55,55,231,305
UNNAMED,59,0,2024-12-12,19:12:04,55,55,55,231,305
UNNAMED,60,0,2024-12-12,19:12:06,55,55,55,231,305
UNNAMED,61,0,2024-12-12,19:12:08,55,55,55,231,305
UNNAMED,62,0,2024-12-12,19:12:10,55,55,55,231,305
UNNAMED,63,0,2024-12-12,19:12:12,55,55,55,231,305
UNNAMED,64,0,2024-12-12,19:12:14,55,55,55,231,305
UNNAMED,65,0,2024-12-12,19:12:16,55,55,55,231,305
UNNAMED,66,0,2024-12-12,19:12:18,55,55,55,231,305
UNNAMED,67,0,2024-12-12,19:12:20,55,55,55,231,305
UNNAMED,68,0,2024-12-12,19:12:22,55,55,55,231,305
UNNAMED,69,0,2024-12-12,19:12:24,55,55,55,231,305
UNNAMED,70,0,2024-12-12,19:12:26,55,55,55,231,305
UNNAMED,71,0,2024-12-12,19:12:28,55,55,55,231,305
UNNAMED,72,0,2024-12-12,19:12:30,55,55,55,231,305
UNNAMED,73,0,2024-12-12,19:12:32,55,55,55,231,305
UNNAMED,74,0,2024-12-12,19:12:34,55,55,55,231,305
UNNAMED,75,0,2024-12-12,19:12:36,55,55,55,231,305
UNNAMED,76,0,2024-12-12,19:12:38,55,55,55,231,305
UNNAMED,77,0,2024-12-12,19:12:40,55,55,55,231,305
UNNAMED,78,0,2024-12-12,19:12:42,55,55,55,231,305
UNNAMED,79,0,2024-12-12,19:12:44,55,55,55,231,305
UNNAMED,80,0,2024-12-12,19:12:46,55,55,55,231,305
UNNAMED,81,0,2024-12-12,19:12:48,55,55,55,231,305
UNNAMED,82,0,2024-12-12,19:12:50,55,55,55,231,305
UNNAMED,83,0,2024-12-12,19:12:53,55,55,55,231,305
UNNAMED,84,0,2024-12-12,19:12:55,55,55,55,231,305
UNNAMED,85,0,2024-12-12,19:12:57,55,55,55,231,305
UNNAMED,86,0,2024-12-12,19:12:59,55,55,55,231,305
UNNAMED,87,0,2024-12-12,19:13:01,55,55,55,231,305
UNNAMED,88,0,2024-12-12,19:13:03,55,55,55,231,305
UNNAMED,89,0,2024-12-12,19:13:05,55,55,55,231,305
UNNAMED,90,0,2024-12-12,19:13:07,55,55,55,231,305
UNNAMED,91,0,2024-12-12,19:13:10,55,55,55,231,305
UNNAMED,92,0,2024-12-12,19:13:12,55,55,55,231,305
UNNAMED,93,0,2024-12-12,19:13:14,55,55,55,231,305
UNNAMED,94,0,2024-12-12,19:13:16,55,55,55,231,305
UNNAMED,95,0,2024-12-12,19:13:18,55,55,55,231,305
UNNAMED,96,0,2024-12-12,19:13:20,55,55,55,231,305
UNNAMED,97,0,2024-12-12,19:13:22,55,55,55,231,305
UNNAMED,98,0,2024-12-12,19:13:24,55,55,55,231,305
UNNAMED,99,0,2024-12-12,19:13:26,55,55,55,231,305
UNNAMED,100,0,2024-12-12,19:13:28,55,55,55,231,305
UNNAMED,101,0,2024-12-12,19:13:30,55,55,55,231,305
UNNAMED,102,0,2024-12-12,19:13:32,55,55,55,231,305
UNNAMED,103,0,2024-12-12,19:13:34,55,55,55,231,305
UNNAMED,104,0,2024-12-12,19:13:36,55,55,55,231,305
UNNAMED,105,0,2024-12-12,19:13:38,55,55,55,231,305
UNNAMED,106,0,2024-12-12,19:13:40,55,55,55,231,305
UNNAMED,107,0,2024-12-12,19:13:43,55,55,55,231,305
UNNAMED,108,0,2024-12-12,19:13:45,55,55,55,231,305
UNNAMED,109,0,2024-12-12,19:13:47,55,55,55,231,305
UNNAMED,110,0,2024-12-12,19:13:49,55,55,55,231,305
UNNAMED,111,0,2024-12-12,19:13:51,55,55,55,231,305
UNNAMED,112,0,2024-12-12,19:13:53,55,55,55,231,305
UNNAMED,113,0,2024-12-12,19:13:55,55,55,55,231,305
UNNAMED,114,0,2024-12-12,19:13:57,55,55,55,231,305
UNNAMED,115,0,2024-12-12,19:13:59,55,55,55,231,305
UNNAMED,116,0,2024-12-12,19:14:01,55,55,55,231,305
UNNAMED,117,0,2024-12-12,19:14:03,55,55,55,231,305
UNNAMED,118,0,2024-12-12,19:14:05,55,55,55,231,305
UNNAMED,119,0,2024-12-12,19:14:08,55,55,55,231,305
UNNAMED,120,0,2024-12-12,19:14:10,55,55,55,231,305
UNNAMED,121,0,2024-12-12,19:14:12,55,55,55,231,305
UNNAMED,122,0,2024-12-12,19:14:14,55,55,55,231,305
UNNAMED,123,0,2024-12-12,19:14:16,55,55,55,231,305
UNNAMED,124,0,2024-12-12,19:14:18,55,55,55,231,305
UNNAMED,125,0,2024-12-12,19:14:20,55,55,55,231,305
UNNAMED,126,0,2024-12-12,19:14:23,55,55,55,231,305
UNNAMED,127,0,2024-12-12,19:14:25,55,55,55,231,305
UNNAMED,128,0,2024-12-12,19:14:27,55,55,55,231,305
UNNAMED,129,0,2024-12-12,19:14:29,55,55,55,231,305
UNNAMED,130,0,2024-12-12,19:14:31,55,55,55,231,305
UNNAMED,131,0,2024-12-12,19:14:33,55,55,55,231,305
UNNAMED,132,0,2024-12-12,19:14:36,55,55,55,231,305
UNNAMED,133,0,2024-12-12,19:14:38,55,55,55,231,305
UNNAMED,134,0,2024-12-12,19:14:40,55,55,55,231,305
UNNAMED,135,0,2024-12-12,19:14:42,55,55,55,231,305
UNNAMED,136,0,2024-12-12,19:14:44,55,55,55,231,305
UNNAMED,137,0,2024-12-12,19:14:46,55,55,55,231,305
UNNAMED,138,0,2024-12-12,19:14:48,55,55,55,231,305
UNNAMED,139,0,2024-12-12,19:14:50,55,55,55,231,305
UNNAMED,140,0,2024-12-12,19:14:52,55,55,55,231,305
UNNAMED,141,0,2024-12-12,19:14:54,55,55,55,231,305
UNNAMED,142,0,2024-12-12,19:14:56,55,55,55,231,305
UNNAMED,143,0,2024-12-12,19:14:58,55,55,55,231,305
UNNAMED,144,0,2024-12-12,19:15:00,55,55,55,231,305
UNNAMED,145,0,2024-12-12,19:15:02,55,55,55,231,305
UNNAMED,146,0,2024-12-12,19:15:05,55,55,55,231,305
UNNAMED,147,0,2024-12-12,19:15:07,55,55,55,231,305
UNNAMED,148,0,2024-12-12,19:15:09,55,55,55,231,305
UNNAMED,149,0,2024-12-12,19:15:11,55,55,55,231,305
UNNAMED,150,0,2024-12-12,19:15:13,55,55,55,231,305
UNNAMED,151,0,2024-12-12,19:15:15,55,55,55,231,305
UNNAMED,152,0,2024-12-12,19:15:17,55,55,55,231,305
UNNAMED,153,0,2024-12-12,19:15:19,55,55,55,231,305
UNNAMED,154,0,2024-12-12,19:15:21,55,55,55,231,305
UNNAMED,155,0,2024-12-12,19:15:23,55,55,55,231,305
UNNAMED,156,0,2024-12-12,19:15:25,55,55,55,231,305
UNNAMED,157,0,2024-12-12,19:15:28,55,55,55,231,305
UNNAMED,158,0,2024-12-12,19:15:30,55,55,55,231,305
UNNAMED,159,0,2024-12-12,19:15:32,55,55,55,231,305
UNNAMED,160,0,2024-12-12,19:15:34,55,55,55,231,305
UNNAMED,161,0,2024-12-12,19:15:36,55,55,55,231,305
UNNAMED,162,0,2024-12-12,19:15:38,55,55,55,231,305
UNNAMED,163,0,2024-12-12,19:15:40,55,55,55,231,305
UNNAMED,164,0,2024-12-12,19:15:43,55,55,55,231,305
UNNAMED,165,0,2024-12-12,19:15:45,55,55,55,231,305
UNNAMED,166,0,2024-12-12,19:15:47,55,55,55,231,305
UNNAMED,167,0,2024-12-12,19:15:49,55,55,55,231,305
UNNAMED,168,0,2024-12-12,19:15:51,55,55,55,231,305
UNNAMED,169,0,2024-12-12,19:15:53,55,55,55,231,305
UNNAMED,170,0,2024-12-12,19:15:55,55,55,55,231,305
UNNAMED,171,0,2024-12-12,19:15:58,55,55,55,231,305
UNNAMED,172,0,2024-12-12,19:16:00,55,55,55,231,305
UNNAMED,173,0,2024-12-12,19:16:02,55,55,55,231,305
UNNAMED,174,0,2024-12-12,19:16:04,55,55,55,231,305
UNNAMED,175,0,2024-12-12,19:16:06,55,55,55,231,305
UNNAMED,176,0,2024-12-12,19:16:08,55,55,55,231,305
UNNAMED,177,0,2024-12-12,19:16:10,55,55,55,231,305
UNNAMED,178,0,2024-12-12,19:16:13,55,55,55,231,305
UNNAMED,179,0,2024-12-12,19:16:15,55,55,55,231,305
UNNAMED,180,0,2024-12-12,19:16:17,55,55,55,231,305
UNNAMED,181,0,2024-12-12,19:16:19,55,55,55,231,305
UNNAMED,182,0,2024-12-12,19:16:21,55,55,55,231,305
UNNAMED,183,0,2024-12-12,19:16:23,55,55,55,231,305
UNNAMED,184,0,2024-12-12,19:16:25,55,55,55,231,305
UNNAMED,185,0,2024-12-12,19:16:27,55,55,55,231,305
UNNAMED,186,0,2024-12-12,19:16:29,55,55,55,231,305
UNNAMED,187,0,2024-12-12,19:16:31,55,55,55,231,305
UNNAMED,188,0,2024-12-12,19:16:34,55,55,55,231,305
UNNAMED,189,0,2024-12-12,19:16:36,55,55,55,231,305
UNNAMED,190,0,2024-12-12,19:16:38,55,55,55,231,305
UNNAMED,191,0,2024-12-12,19:16:40,55,55,55,231,305
UNNAMED,192,0,2024-12-12,19:16:42,55,55,55,231,305
UNNAMED,193,0,2024-12-12,19:16:45,55,55,55,231,305
UNNAMED,194,0,2024-12-12,19:16:47,55,55,55,231,305
UNNAMED,195,0,2024-12-12,19:16:49,55,55,55,231,305
UNNAMED,196,0,2024-12-12,19:16:51,55,55,55,231,305
UNNAMED,197,0,2024-12-12,19:16:53,55,55,55,231,305
UNNAMED,198,0,2024-12-12,19:16:55,55,55,55,231,305
UNNAMED,199,0,2024-12-12,19:16:57,55,55,55,231,305
UNNAMED,200,0,2024-12-12,19:16:59,55,55,55,231,305
UNNAMED,201,0,2024-12-12,19:17:01,55,55,55,231,305
UNNAMED,202,0,2024-12-12,19:17:03,55,55,55,231,305
UNNAMED,203,0,2024-12-12,19:17:06,55,55,55,231,305
UNNAMED,204,0,2024-12-12,19:17:08,55,55,55,231,305
UNNAMED,205,0,2024-12-12,19:17:10,55,55,55,231,305
UNNAMED,206,0,2024-12-12,19:17:12,55,55,55,231,305
UNNAMED,207,0,2024-12-12,19:17:15,55,55,55,231,305
